CREATE TABLE t1 (f1 INTEGER PRIMARY KEY) ENGINE=InnoDB;
RESET MASTER;
RESET MASTER;
wsrep_last_applied_correct
1
SHOW BINLOG EVENTS FROM 124;
Log_name	Pos	Event_type	Server_id	End_log_pos	Info
mysqld-bin.000001	124	Previous_gtids	1	155	
RESET MASTER;
RESET MASTER;
wsrep_last_applied_correct
1
SELECT COUNT(*) = 1 FROM t1;
COUNT(*) = 1
1
SELECT COUNT(*) = 1 FROM t1;
COUNT(*) = 1
1
SHOW BINLOG EVENTS FROM 124;
Log_name	Pos	Event_type	Server_id	End_log_pos	Info
mysqld-bin.000001	124	Previous_gtids	1	155	
mysqld-bin.000001	155	Anonymous_Gtid	1	234	SET @@SESSION.GTID_NEXT= 'ANONYMOUS'
mysqld-bin.000001	234	Query	1	314	BEGIN
mysqld-bin.000001	314	Table_map	1	362	table_id: ### (test.t1)
mysqld-bin.000001	362	Write_rows	1	402	table_id: ### flags: STMT_END_F
mysqld-bin.000001	402	Xid	1	433	COMMIT /* xid=### */
SHOW BINLOG EVENTS FROM 124;
Log_name	Pos	Event_type	Server_id	End_log_pos	Info
mysqld-bin.000001	124	Previous_gtids	2	155	
mysqld-bin.000001	155	Anonymous_Gtid	1	234	SET @@SESSION.GTID_NEXT= 'ANONYMOUS'
mysqld-bin.000001	234	Query	1	309	BEGIN
mysqld-bin.000001	309	Table_map	1	357	table_id: ### (test.t1)
mysqld-bin.000001	357	Write_rows	1	397	table_id: ### flags: STMT_END_F
mysqld-bin.000001	397	Xid	1	428	COMMIT /* xid=### */
TRUNCATE TABLE t1;
RESET MASTER;
ERROR 23000: Duplicate entry '1' for key 't1.PRIMARY'
wsrep_last_applied_correct
1
SELECT COUNT(*) = 0 FROM t1;
COUNT(*) = 0
1
SHOW BINLOG EVENTS FROM 124;
Log_name	Pos	Event_type	Server_id	End_log_pos	Info
mysqld-bin.000001	124	Previous_gtids	1	155	
DROP TABLE t1;
