SET SESSION wsrep_on=OFF;
RESET MASTER;
SET SESSION wsrep_on=ON;
SET SESSION wsrep_on=OFF;
RESET MASTER;
SET SESSION wsrep_on=ON;
#=============================================
#node-1 (fire some basic ddl and dml workload on node-1)
create table t1 (i int, primary key pk(i)) engine=innodb;
insert into t1 values (1), (2), (3), (4);
select * from t1;
i
1
2
3
4
create table t2 as (select * from t1);
insert into t2 values (10), (20), (30);
select * from t2;
i
1
2
3
4
10
20
30
create table t3 like t1;
begin;
insert into t3 values (100), (200), (300);
commit;
alter table t1 add column j int;
alter table t2 add key uk(i);
drop table t1, t2;
optimize table t3;
Table	Op	Msg_type	Msg_text
test.t3	optimize	note	Table does not support optimize, doing recreate + analyze instead
test.t3	optimize	status	OK
analyze table t3;
Table	Op	Msg_type	Msg_text
test.t3	analyze	status	OK
alter table t3 add column k int;
begin;
insert into t3 values (1000, 1000), (2000, 2000);
commit;
select * from t3;
i	k
100	NULL
200	NULL
300	NULL
1000	1000
2000	2000
SHOW BINLOG EVENTS IN 'mysqld-bin.000001' FROM 124;
Log_name	Pos	Event_type	Server_id	End_log_pos	Info
mysqld-bin.000001	124	Previous_gtids	1	155	
mysqld-bin.000001	155	Anonymous_Gtid	1	232	SET @@SESSION.GTID_NEXT= 'ANONYMOUS'
mysqld-bin.000001	232	Query	1	376	use `test`; create table t1 (i int, primary key pk(i)) engine=innodb /* xid=### */
mysqld-bin.000001	376	Anonymous_Gtid	1	455	SET @@SESSION.GTID_NEXT= 'ANONYMOUS'
mysqld-bin.000001	455	Query	1	535	BEGIN
mysqld-bin.000001	535	Table_map	1	583	table_id: ### (test.t1)
mysqld-bin.000001	583	Write_rows	1	638	table_id: ### flags: STMT_END_F
mysqld-bin.000001	638	Xid	1	669	COMMIT /* xid=### */
mysqld-bin.000001	669	Anonymous_Gtid	1	746	SET @@SESSION.GTID_NEXT= 'ANONYMOUS'
mysqld-bin.000001	746	Query	1	858	use `test`; CREATE TABLE `t2` (
  `i` int NOT NULL
)
mysqld-bin.000001	858	Anonymous_Gtid	1	937	SET @@SESSION.GTID_NEXT= 'ANONYMOUS'
mysqld-bin.000001	937	Query	1	1012	BEGIN
mysqld-bin.000001	1012	Table_map	1	1060	table_id: ### (test.t2)
mysqld-bin.000001	1060	Write_rows	1	1115	table_id: ### flags: STMT_END_F
mysqld-bin.000001	1115	Xid	1	1146	COMMIT /* xid=### */
mysqld-bin.000001	1146	Anonymous_Gtid	1	1225	SET @@SESSION.GTID_NEXT= 'ANONYMOUS'
mysqld-bin.000001	1225	Query	1	1305	BEGIN
mysqld-bin.000001	1305	Table_map	1	1353	table_id: ### (test.t2)
mysqld-bin.000001	1353	Write_rows	1	1403	table_id: ### flags: STMT_END_F
mysqld-bin.000001	1403	Xid	1	1434	COMMIT /* xid=### */
mysqld-bin.000001	1434	Anonymous_Gtid	1	1511	SET @@SESSION.GTID_NEXT= 'ANONYMOUS'
mysqld-bin.000001	1511	Query	1	1615	use `test`; create table t3 like t1 /* xid=### */
mysqld-bin.000001	1615	Anonymous_Gtid	1	1694	SET @@SESSION.GTID_NEXT= 'ANONYMOUS'
mysqld-bin.000001	1694	Query	1	1774	BEGIN
mysqld-bin.000001	1774	Table_map	1	1822	table_id: ### (test.t3)
mysqld-bin.000001	1822	Write_rows	1	1872	table_id: ### flags: STMT_END_F
mysqld-bin.000001	1872	Xid	1	1903	COMMIT /* xid=### */
mysqld-bin.000001	1903	Anonymous_Gtid	1	1980	SET @@SESSION.GTID_NEXT= 'ANONYMOUS'
mysqld-bin.000001	1980	Query	1	2099	use `test`; alter table t1 add column j int /* xid=### */
mysqld-bin.000001	2099	Anonymous_Gtid	1	2176	SET @@SESSION.GTID_NEXT= 'ANONYMOUS'
mysqld-bin.000001	2176	Query	1	2292	use `test`; alter table t2 add key uk(i) /* xid=### */
mysqld-bin.000001	2292	Anonymous_Gtid	1	2369	SET @@SESSION.GTID_NEXT= 'ANONYMOUS'
mysqld-bin.000001	2369	Query	1	2501	use `test`; DROP TABLE `t1`,`t2` /* generated by server */ /* xid=### */
mysqld-bin.000001	2501	Anonymous_Gtid	1	2578	SET @@SESSION.GTID_NEXT= 'ANONYMOUS'
mysqld-bin.000001	2578	Query	1	2672	use `test`; optimize table t3
mysqld-bin.000001	2672	Anonymous_Gtid	1	2749	SET @@SESSION.GTID_NEXT= 'ANONYMOUS'
mysqld-bin.000001	2749	Query	1	2835	use `test`; analyze table t3
mysqld-bin.000001	2835	Anonymous_Gtid	1	2912	SET @@SESSION.GTID_NEXT= 'ANONYMOUS'
mysqld-bin.000001	2912	Query	1	3031	use `test`; alter table t3 add column k int /* xid=### */
mysqld-bin.000001	3031	Anonymous_Gtid	1	3110	SET @@SESSION.GTID_NEXT= 'ANONYMOUS'
mysqld-bin.000001	3110	Query	1	3190	BEGIN
mysqld-bin.000001	3190	Table_map	1	3239	table_id: ### (test.t3)
mysqld-bin.000001	3239	Write_rows	1	3292	table_id: ### flags: STMT_END_F
mysqld-bin.000001	3292	Xid	1	3323	COMMIT /* xid=### */
#=============================================
#node-2 (check for replication followed by XID)
SHOW BINLOG EVENTS IN 'mysqld-bin.000001' FROM 124;
Log_name	Pos	Event_type	Server_id	End_log_pos	Info
mysqld-bin.000001	124	Previous_gtids	2	155	
mysqld-bin.000001	155	Anonymous_Gtid	1	232	SET @@SESSION.GTID_NEXT= 'ANONYMOUS'
mysqld-bin.000001	232	Query	1	376	use `test`; create table t1 (i int, primary key pk(i)) engine=innodb /* xid=### */
mysqld-bin.000001	376	Anonymous_Gtid	1	455	SET @@SESSION.GTID_NEXT= 'ANONYMOUS'
mysqld-bin.000001	455	Query	1	530	BEGIN
mysqld-bin.000001	530	Table_map	1	578	table_id: ### (test.t1)
mysqld-bin.000001	578	Write_rows	1	633	table_id: ### flags: STMT_END_F
mysqld-bin.000001	633	Xid	1	664	COMMIT /* xid=### */
mysqld-bin.000001	664	Anonymous_Gtid	1	741	SET @@SESSION.GTID_NEXT= 'ANONYMOUS'
mysqld-bin.000001	741	Query	1	853	use `test`; CREATE TABLE `t2` (
  `i` int NOT NULL
)
mysqld-bin.000001	853	Anonymous_Gtid	1	932	SET @@SESSION.GTID_NEXT= 'ANONYMOUS'
mysqld-bin.000001	932	Query	1	1007	BEGIN
mysqld-bin.000001	1007	Table_map	1	1055	table_id: ### (test.t2)
mysqld-bin.000001	1055	Write_rows	1	1110	table_id: ### flags: STMT_END_F
mysqld-bin.000001	1110	Xid	1	1141	COMMIT /* xid=### */
mysqld-bin.000001	1141	Anonymous_Gtid	1	1220	SET @@SESSION.GTID_NEXT= 'ANONYMOUS'
mysqld-bin.000001	1220	Query	1	1295	BEGIN
mysqld-bin.000001	1295	Table_map	1	1343	table_id: ### (test.t2)
mysqld-bin.000001	1343	Write_rows	1	1393	table_id: ### flags: STMT_END_F
mysqld-bin.000001	1393	Xid	1	1424	COMMIT /* xid=### */
mysqld-bin.000001	1424	Anonymous_Gtid	1	1501	SET @@SESSION.GTID_NEXT= 'ANONYMOUS'
mysqld-bin.000001	1501	Query	1	1605	use `test`; create table t3 like t1 /* xid=### */
mysqld-bin.000001	1605	Anonymous_Gtid	1	1684	SET @@SESSION.GTID_NEXT= 'ANONYMOUS'
mysqld-bin.000001	1684	Query	1	1759	BEGIN
mysqld-bin.000001	1759	Table_map	1	1807	table_id: ### (test.t3)
mysqld-bin.000001	1807	Write_rows	1	1857	table_id: ### flags: STMT_END_F
mysqld-bin.000001	1857	Xid	1	1888	COMMIT /* xid=### */
mysqld-bin.000001	1888	Anonymous_Gtid	1	1965	SET @@SESSION.GTID_NEXT= 'ANONYMOUS'
mysqld-bin.000001	1965	Query	1	2084	use `test`; alter table t1 add column j int /* xid=### */
mysqld-bin.000001	2084	Anonymous_Gtid	1	2161	SET @@SESSION.GTID_NEXT= 'ANONYMOUS'
mysqld-bin.000001	2161	Query	1	2277	use `test`; alter table t2 add key uk(i) /* xid=### */
mysqld-bin.000001	2277	Anonymous_Gtid	1	2354	SET @@SESSION.GTID_NEXT= 'ANONYMOUS'
mysqld-bin.000001	2354	Query	1	2486	use `test`; DROP TABLE `t1`,`t2` /* generated by server */ /* xid=### */
mysqld-bin.000001	2486	Anonymous_Gtid	1	2563	SET @@SESSION.GTID_NEXT= 'ANONYMOUS'
mysqld-bin.000001	2563	Query	1	2657	use `test`; optimize table t3
mysqld-bin.000001	2657	Anonymous_Gtid	1	2734	SET @@SESSION.GTID_NEXT= 'ANONYMOUS'
mysqld-bin.000001	2734	Query	1	2820	use `test`; analyze table t3
mysqld-bin.000001	2820	Anonymous_Gtid	1	2897	SET @@SESSION.GTID_NEXT= 'ANONYMOUS'
mysqld-bin.000001	2897	Query	1	3016	use `test`; alter table t3 add column k int /* xid=### */
mysqld-bin.000001	3016	Anonymous_Gtid	1	3095	SET @@SESSION.GTID_NEXT= 'ANONYMOUS'
mysqld-bin.000001	3095	Query	1	3170	BEGIN
mysqld-bin.000001	3170	Table_map	1	3219	table_id: ### (test.t3)
mysqld-bin.000001	3219	Write_rows	1	3272	table_id: ### flags: STMT_END_F
mysqld-bin.000001	3272	Xid	1	3303	COMMIT /* xid=### */
drop table t3;
