START SLAVE USER='root';
Warnings:
Note	1759	Sending passwords in plain text without SSL/TLS is extremely insecure.
CREATE TABLE t1 (f1 INTEGER PRIMARY KEY) ENGINE=InnoDB;
INSERT INTO t1 VALUES(1);
SELECT LENGTH(@@global.gtid_executed) > 1;
LENGTH(@@global.gtid_executed) > 1
1
SHOW BINARY LOGS;
Log_name	File_size	Encrypted
mysqld-bin.000001	647	No
SHOW BINLOG EVENTS IN 'mysqld-bin.000001' FROM 124;
Log_name	Pos	Event_type	Server_id	End_log_pos	Info
mysqld-bin.000001	124	Previous_gtids	1	155	
mysqld-bin.000001	155	Gtid	1	232	SET @@SESSION.GTID_NEXT= '<effective_uuid>:1'
mysqld-bin.000001	232	Query	1	374	use `test`; CREATE TABLE t1 (f1 INTEGER PRIMARY KEY) ENGINE=InnoDB /* xid=# */
mysqld-bin.000001	374	Gtid	1	453	SET @@SESSION.GTID_NEXT= '<effective_uuid>:2'
mysqld-bin.000001	453	Query	1	528	BEGIN
mysqld-bin.000001	528	Table_map	1	576	table_id: # (test.t1)
mysqld-bin.000001	576	Write_rows	1	616	table_id: # flags: STMT_END_F
mysqld-bin.000001	616	Xid	1	647	COMMIT /* xid=# */
gtid_executed_equal
1
SHOW BINLOG EVENTS IN 'mysqld-bin.000002' FROM 124;
Log_name	Pos	Event_type	Server_id	End_log_pos	Info
mysqld-bin.000002	124	Previous_gtids	2	155	
mysqld-bin.000002	155	Gtid	1	239	SET @@SESSION.GTID_NEXT= '<effective_uuid>:1'
mysqld-bin.000002	239	Query	1	381	use `test`; CREATE TABLE t1 (f1 INTEGER PRIMARY KEY) ENGINE=InnoDB /* xid=3 */
mysqld-bin.000002	381	Gtid	1	467	SET @@SESSION.GTID_NEXT= '<effective_uuid>:2'
mysqld-bin.000002	467	Query	1	537	BEGIN
mysqld-bin.000002	537	Table_map	1	585	table_id: # (test.t1)
mysqld-bin.000002	585	Write_rows	1	625	table_id: # flags: STMT_END_F
mysqld-bin.000002	625	Xid	1	656	COMMIT /* xid=4 */
SELECT COUNT(*) = 1 FROM t1;
COUNT(*) = 1
1
gtid_executed_equal
1
SHOW BINLOG EVENTS IN 'mysqld-bin.000004' FROM 124;
Log_name	Pos	Event_type	Server_id	End_log_pos	Info
mysqld-bin.000004	124	Previous_gtids	3	155	
mysqld-bin.000004	155	Gtid	1	239	SET @@SESSION.GTID_NEXT= '<effective_uuid>:1'
mysqld-bin.000004	239	Query	1	381	use `test`; CREATE TABLE t1 (f1 INTEGER PRIMARY KEY) ENGINE=InnoDB /* xid=3 */
mysqld-bin.000004	381	Gtid	1	467	SET @@SESSION.GTID_NEXT= '<effective_uuid>:2'
mysqld-bin.000004	467	Query	1	537	BEGIN
mysqld-bin.000004	537	Table_map	1	585	table_id: # (test.t1)
mysqld-bin.000004	585	Write_rows	1	625	table_id: # flags: STMT_END_F
mysqld-bin.000004	625	Xid	1	656	COMMIT /* xid=4 */
DROP TABLE t1;
STOP SLAVE;
RESET SLAVE ALL;
